timestamp,creatinina,sdma,estagio_b,estagio_rag,estagio_final,validacao,caso,confianca,pergunta_usuario,resposta_fornecida,num_docs_rag,regra_aplicada
2025-12-09 21:05:20,2.3,23.0,IRIS2,,IRIS2,Confirmada,1,ALTA,este gato tem risco?,‚ö†Ô∏è N√£o h√° informa√ß√µes dispon√≠veis na base de conhecimento indexada para responder esta pergunta. Recomenda-se consultar a literatura IRIS oficial ou indexar mais documentos.,0,Regras IRIS
2025-12-09 21:06:53,2.4,23.0,IRIS2,,IRIS2,Confirmada,1,ALTA,qual o tratamento recomendado?,‚ö†Ô∏è N√£o h√° informa√ß√µes dispon√≠veis na base de conhecimento indexada para responder esta pergunta. Recomenda-se consultar a literatura IRIS oficial ou indexar mais documentos.,0,Regras IRIS
2025-12-09 21:06:58,3.2,28.0,IRIS3,,IRIS3,Confirmada,1,ALTA,qual o progn√≥stico?,‚ö†Ô∏è N√£o h√° informa√ß√µes dispon√≠veis na base de conhecimento indexada para responder esta pergunta. Recomenda-se consultar a literatura IRIS oficial ou indexar mais documentos.,0,Regras IRIS
2025-12-09 21:09:03,6.0,40.0,IRIS4,,IRIS4,Confirmada,1,ALTA,O gato est√° em risco? qual melhor tratamento?,‚ö†Ô∏è N√£o h√° informa√ß√µes dispon√≠veis na base de conhecimento indexada para responder esta pergunta. Recomenda-se consultar a literatura IRIS oficial ou indexar mais documentos.,0,Regras IRIS
2025-12-09 21:10:32,6.0,40.0,IRIS4,,IRIS4,Confirmada,1,ALTA,Qual tratamento para o estagio inferido?,‚ö†Ô∏è N√£o h√° informa√ß√µes dispon√≠veis na base de conhecimento indexada para responder esta pergunta. Recomenda-se consultar a literatura IRIS oficial ou indexar mais documentos.,0,Regras IRIS
2025-12-09 21:11:40,6.0,40.0,IRIS4,,IRIS4,Confirmada,1,ALTA,what can you tell me about the stage of CDK?,‚ö†Ô∏è N√£o h√° informa√ß√µes dispon√≠veis na base de conhecimento indexada para responder esta pergunta. Recomenda-se consultar a literatura IRIS oficial ou indexar mais documentos.,0,Regras IRIS
2025-12-09 21:16:44,2.3,23.0,IRIS2,IRIS2,IRIS2,Confirmada,1,ALTA,Qual tratamento para o estagio inferido?,,5,RAG
2025-12-09 21:23:29,2.4,23.0,IRIS2,IRIS2,IRIS2,Confirmada,1,ALTA,,,5,RAG
2025-12-09 21:27:14,2.5,23.0,IRIS2,IRIS2,IRIS2,Confirmada,1,ALTA,qual o risco do gato?,,5,RAG
2025-12-09 21:34:03,2.4,20.0,IRIS2,IRIS2,IRIS2,Confirmada,1,ALTA,o gato birman√™s tem parametros diferentes?,,5,RAG
2025-12-09 21:37:40,3.3,34.0,IRIS3,IRIS3,IRIS3,Confirmada,1,ALTA,o gato birman√™s tem parametros diferentes?,,5,RAG
2025-12-09 21:41:22,1.4,15.0,IRIS1,IRIS1,IRIS1,Confirmada,1,ALTA,Qual subestagio do gato?,"üìö Para determinar a subestagio do gato com doen√ßa renal cr√¥nica, √© necess√°rio considerar os n√≠veis de creatinina e SDMA (semialbumina de metilamina) no sangue. De acordo com as diretrizes IRIS, as subestagios s√£o definidas da seguinte forma:

- IRIS CKD Stage 1: Creatinina < 1,6 mg/dl e SDMA < 18 ¬µg",5,RAG
2025-12-09 21:47:56,2.5,20.0,IRIS2,IRIS2,IRIS2,Confirmada,1,ALTA,Ela tem risco?,"üìö Com base no contexto fornecido, n√£o h√° informa√ß√µes espec√≠ficas sobre a f√™mea que apresenta risco. No entanto, posso fornecer orienta√ß√£o geral sobre a doen√ßa renal cr√¥nica felina (CKD) e os fatores de risco associados.

A CKD √© uma condi√ß√£o cr√¥nica que pode levar a complica√ß√µes graves se n√£o for tr",5,RAG
2025-12-10 15:09:09,2.3,20.0,IRIS2,IRIS2,IRIS2,Confirmada,1,ALTA,Ela est√° em risco grave?,"üìö A pergunta n√£o fornece informa√ß√µes espec√≠ficas sobre o estado cl√≠nico da f√™mea, portanto, n√£o posso determinar com certeza se ela est√° em risco grave. No entanto, como especialista em doen√ßa renal cr√¥nica felina, posso dizer que a presen√ßa de CKD (Doen√ßa Renal Cr√¥nica) em qualquer est√°gio √© um fat",5,RAG
2025-12-10 15:12:18,2.3,20.0,IRIS2,IRIS2,IRIS2,Confirmada,1,ALTA,Ele est√° em risco grave?,"üìö Considerando o contexto fornecido, n√£o h√° informa√ß√µes espec√≠ficas sobre o risco grave do paciente. No entanto, posso fornecer orienta√ß√£o geral sobre a doen√ßa renal cr√¥nica felina (CKD).

Em geral, os pacientes com CKD podem estar em risco grave se apresentarem sinais cl√≠nicos graves, como:

* Urem",5,RAG
2025-12-10 15:14:49,2.3,20.0,IRIS2,IRIS2,IRIS2,Confirmada,1,ALTA,Ele est√° em risco grave?,"üìö O paciente est√° em risco grave se apresentar sinais cl√≠nicos graves, como v√¥mitos, diarreia, anorexia, fraqueza muscular, perda de peso, aumento de volume corporal, olig√∫ria (produ√ß√£o de urina reduzida) ou an√∫ria (aus√™ncia de urina). Al√©m disso, se o paciente tiver uma concentra√ß√£o de creatinina e",5,RAG
2025-12-10 15:19:09,1.4,14.0,IRIS1,IRIS1,IRIS1,Confirmada,1,ALTA,O gato est√° saud√°vel?,"üìö N√£o, o gato n√£o est√° saud√°vel. A presen√ßa de doen√ßa renal cr√¥nica (DRC) √© indicada pela concentra√ß√£o de creatinina no sangue entre 1,6 e 2,8 mg/dl, o que corresponde ao est√°gio 2 da doen√ßa renal cr√¥nica de acordo com as diretrizes da IRIS. Al√©m disso, a concentra√ß√£o de SDMA (semicarbazida de metil",5,RAG
2025-12-10 15:19:16,2.1,20.0,IRIS2,IRIS2,IRIS2,Confirmada,1,ALTA,Qual o tratamento recomendado?,"üìö O tratamento recomendado para um gato com doen√ßa renal cr√¥nica (DRC) depende do est√°gio da doen√ßa, que √© determinado pela concentra√ß√£o de creatinina e SDMA no sangue.

Segundo as diretrizes da IRIS, para um gato com DRC, o tratamento recomendado √©:

- Para gatos com est√°gio 1 (creatinina < 1,6 mg/",5,RAG
2025-12-10 15:19:23,2.5,23.0,IRIS2,IRIS2,IRIS2,Confirmada,1,ALTA,A protein√∫ria √© grave?,"üìö A protein√∫ria √© considerada grave quando o r√°cio de prote√≠na a creatinina (UP/C) √© maior que 0,4, especialmente em est√°gios avan√ßados da doen√ßa renal cr√¥nica felina (CKD). Isso √© indicado na literatura IRIS para pacientes com CKD em est√°gios 3 e 4, onde a investiga√ß√£o de processos subjacentes √† pr",5,RAG
2025-12-10 15:19:30,3.5,30.0,IRIS3,IRIS3,IRIS3,Confirmada,1,ALTA,Qual o progn√≥stico?,"üìö O progn√≥stico para um gato com doen√ßa renal cr√¥nica (DRC) depende de v√°rios fatores, incluindo a etapa da doen√ßa, a presen√ßa de complica√ß√µes e a efic√°cia do tratamento. De acordo com as diretrizes da IRIS, a etapa da doen√ßa pode ser determinada pelo n√≠vel de creatinina e SDMA no sangue. Em geral, ",5,RAG
2025-12-10 15:19:37,6.2,55.0,IRIS4,IRIS4,IRIS4,Confirmada,1,ALTA,Qual o cuidado paliativo?,"üìö O cuidado paliativo para gatos com doen√ßa renal cr√¥nica (DRC) visa melhorar a qualidade de vida e reduzir os sintomas da doen√ßa. Al√©m das recomenda√ß√µes de tratamento listadas nos est√°gios 1 e 2 da IRIS, √© importante considerar a seguinte abordagem paliativa:

- Gerenciamento da hidrata√ß√£o: garanti",5,RAG
2025-12-10 15:19:50,2.8,25.0,IRIS2,IRIS2,IRIS2,Confirmada,1,ALTA,A press√£o √© perigosa?,"üìö A press√£o arterial √© um fator importante a considerar em pacientes com doen√ßa renal cr√¥nica felina. No entanto, n√£o h√° men√ß√£o direta √† press√£o arterial nos textos fornecidos. No entanto, √© conhecido que a doen√ßa renal cr√¥nica pode levar a hipertens√£o, que √© perigosa e pode agravar a doen√ßa renal.
",5,RAG
2025-12-10 15:47:09,1.4,14.0,IRIS1,IRIS1,IRIS1,Confirmada,1,ALTA,O gato est√° saud√°vel?,"üìö Para determinar se o gato est√° saud√°vel, precisamos considerar os crit√©rios de sa√∫de renal. De acordo com o contexto fornecido, n√£o h√° informa√ß√µes espec√≠ficas sobre o gato em quest√£o. No entanto, podemos considerar as diretrizes IRIS para CKD (Doen√ßa Renal Cr√¥nica) em gatos.

Se o gato n√£o apresen",5,RAG
2025-12-10 15:47:16,2.1,20.0,IRIS2,IRIS2,IRIS2,Confirmada,1,ALTA,Qual o tratamento recomendado?,"üìö O tratamento recomendado para uma feline com Doen√ßa Renal Cr√¥nica (DRC) depende do est√°gio da doen√ßa. De acordo com as diretrizes da IRIS, o tratamento recomendado √©:

- Para felines com DRC est√°gio 1: 
  - Suspender medicamentos potencialmente nefrot√≥xicos, se poss√≠vel;
  - Identificar e tratar q",5,RAG
2025-12-10 15:47:23,2.5,23.0,IRIS2,IRIS2,IRIS2,Confirmada,1,ALTA,A protein√∫ria √© grave?,"üìö A protein√∫ria √© considerada grave quando o √≠ndice de prote√≠na na urina em rela√ß√£o √† creatinina (UP/C) √© superior a 0,4. Isso √© especialmente preocupante em pacientes com doen√ßa renal cr√¥nica (DRC) em est√°gios avan√ßados (IRIS CKD 3 e 4). Nesses casos, √© importante investigar e tratar as causas subj",5,RAG
2025-12-10 15:47:30,3.5,30.0,IRIS3,IRIS3,IRIS3,Confirmada,1,ALTA,Qual o progn√≥stico?,"üìö O progn√≥stico para um gato com doen√ßa renal cr√¥nica (DRC) depende de v√°rios fatores, incluindo a etapa da doen√ßa, a presen√ßa de complica√ß√µes e a resposta ao tratamento. De acordo com as diretrizes da IRIS, a etapa da doen√ßa pode ser determinada pela concentra√ß√£o de creatinina e SDMA no sangue. Em ",5,RAG
2025-12-10 15:47:37,6.2,55.0,IRIS4,IRIS4,IRIS4,Confirmada,1,ALTA,Qual o cuidado paliativo?,"üìö O cuidado paliativo para pacientes com doen√ßa renal cr√¥nica felina (CKD) inclui a implementa√ß√£o de medidas para aliviar os sintomas e melhorar a qualidade de vida do animal. Isso pode incluir:

- Restri√ß√£o de l√≠quidos: para evitar a sobrecarga renal e reduzir a press√£o sangu√≠nea.
- Dieta espec√≠fic",5,RAG
2025-12-10 15:47:43,2.1,28.0,IRIS3,IRIS2,IRIS3,Confirmada,1,ALTA,Por que h√° discrep√¢ncia?,üìö A discrep√¢ncia entre a classifica√ß√£o do CKD (Doen√ßa Renal Cr√¥nica) com base no creatinina e na SDMA (Semi-Desidratina de Methylamine) pode ocorrer devido a v√°rias raz√µes. Uma delas √© a sensibilidade e especificidade das an√°lises laboratoriais utilizadas para determinar a concentra√ß√£o de creatinina,5,RAG
2025-12-10 15:47:50,2.8,25.0,IRIS2,IRIS2,IRIS2,Confirmada,1,ALTA,A press√£o √© perigosa?,"üìö A press√£o arterial √© um fator importante a ser monitorado em pacientes com doen√ßa renal cr√¥nica (DRC). Em felines, a press√£o arterial elevada pode ser um indicador de hipertens√£o renal, que √© uma complica√ß√£o comum da DRC. A hipertens√£o renal pode levar a danos nos rins e aumentar a progress√£o da d",5,RAG
2025-12-10 15:56:48,1.4,14.0,IRIS1,IRIS1,IRIS1,Confirmada,1,ALTA,O gato est√° saud√°vel?,"üìö Para determinar se o gato est√° saud√°vel, precisamos considerar o contexto fornecido. No entanto, n√£o h√° informa√ß√µes espec√≠ficas sobre o estado de sa√∫de do gato. Como especialista veterin√°rio em doen√ßa renal cr√¥nica felina, posso dizer que a sa√∫de renal √© um fator importante a considerar.

De acord",5,RAG
2025-12-10 15:56:55,2.1,20.0,IRIS2,IRIS2,IRIS2,Confirmada,1,ALTA,Qual o tratamento recomendado?,"üìö Para determinar o tratamento recomendado, √© necess√°rio saber a etapa da doen√ßa renal cr√¥nica felina (CKD) do paciente. De acordo com as diretrizes da IRIS, o tratamento recomendado varia de acordo com a etapa da doen√ßa.

- Para pacientes com CKD em est√°gio 1, o tratamento recomendado √©:
  - Suspen",5,RAG
2025-12-10 15:57:02,2.5,23.0,IRIS2,IRIS2,IRIS2,Confirmada,1,ALTA,A protein√∫ria √© grave?,"üìö A protein√∫ria √© considerada grave quando o √≠ndice de prote√≠na na urina em rela√ß√£o √† creatinina (UP/C) √© superior a 0,4. Isso √© especialmente preocupante em gatos com doen√ßa renal cr√¥nica (DRC) em est√°gios 3 e 4, pois pode indicar danos renais mais avan√ßados e necessidade de investiga√ß√£o e tratamen",5,RAG
2025-12-10 15:57:08,3.5,30.0,IRIS3,IRIS3,IRIS3,Confirmada,1,ALTA,Qual o progn√≥stico?,"üìö O progn√≥stico para um gato com doen√ßa renal cr√¥nica (DRC) depende do est√°gio da doen√ßa e da resposta ao tratamento. De acordo com as diretrizes da IRIS, o progn√≥stico geralmente √© melhor para os gatos com est√°gio inicial da doen√ßa (IRIS CKD 1 e 2), enquanto os gatos com est√°gio avan√ßado (IRIS CKD ",5,RAG
2025-12-10 15:57:15,6.2,55.0,IRIS4,IRIS4,IRIS4,Confirmada,1,ALTA,Qual o cuidado paliativo?,"üìö O cuidado paliativo para pacientes felinos com doen√ßa renal cr√¥nica (DRC) inclui medidas para aliviar os sintomas e melhorar a qualidade de vida do animal. Al√©m das recomenda√ß√µes de tratamento listadas anteriormente, √© importante considerar a seguinte abordagem paliativa:

- Gerenciamento da diure",5,RAG
2025-12-10 15:57:22,2.1,28.0,IRIS3,IRIS2,IRIS3,Confirmada,1,ALTA,Por que h√° discrep√¢ncia?,üìö A discrep√¢ncia entre a classifica√ß√£o do paciente com doen√ßa renal cr√¥nica (DRC) com base no creatinina e na concentra√ß√£o de SDMA (semialbumina de metilamina) pode ocorrer devido a v√°rias raz√µes. Uma delas √© a sensibilidade e especificidade dos testes utilizados para medir esses par√¢metros. Al√©m di,5,RAG
2025-12-10 15:57:29,2.8,25.0,IRIS2,IRIS2,IRIS2,Confirmada,1,ALTA,A press√£o √© perigosa?,"üìö A press√£o arterial elevada (hipertens√£o) √© um problema comum em gatos com doen√ßa renal cr√¥nica (DRC), pois pode agravar a les√£o renal e aumentar o risco de complica√ß√µes cardiovasculares. √â importante monitorar a press√£o arterial regularmente em gatos com DRC e control√°-la com medicamentos se neces",5,RAG
2025-12-10 16:04:39,1.4,14.0,IRIS1,IRIS1,IRIS1,Confirmada,1,ALTA,O gato est√° saud√°vel?,"üìö N√£o, o gato n√£o est√° saud√°vel. De acordo com o contexto fornecido, o gato tem doen√ßa renal cr√¥nica (CKD) e est√° sendo tratado como um paciente IRIS CKD Stage 2 ou 3, dependendo dos n√≠veis de creatinina e SDMA. Isso indica que o gato tem comprometimento renal significativo e requer monitoramento e ",5,RAG
2025-12-10 16:04:47,2.1,20.0,IRIS2,IRIS2,IRIS2,Confirmada,1,ALTA,Qual o tratamento recomendado?,"üìö De acordo com as diretrizes da IRIS, o tratamento recomendado para um paciente felino com doen√ßa renal cr√¥nica (CKD) depende do est√°gio da doen√ßa. Aqui est√£o as recomenda√ß√µes gerais:

- Para pacientes com CKD est√°gio 1, √© recomendado:
  - Suspender medicamentos potencialmente nefrot√≥xicos, se poss",5,RAG
2025-12-10 16:04:54,2.5,23.0,IRIS2,IRIS2,IRIS2,Confirmada,1,ALTA,A protein√∫ria √© grave?,"üìö A protein√∫ria √© considerada grave quando o √≠ndice de prote√≠na na urina em rela√ß√£o √† creatinina (UP/C) √© maior que 0,4, especialmente em est√°gios avan√ßados de doen√ßa renal cr√¥nica felina (CKD). Isso √© indicado tanto para a investiga√ß√£o de processos patol√≥gicos subjacentes quanto para o tratamento d",5,RAG
2025-12-10 16:05:01,3.5,30.0,IRIS3,IRIS3,IRIS3,Confirmada,1,ALTA,Qual o progn√≥stico?,"üìö O progn√≥stico para um gato com doen√ßa renal cr√¥nica (DRC) depende de v√°rios fatores, incluindo a etapa da doen√ßa, a presen√ßa de complica√ß√µes e a resposta ao tratamento. De acordo com as diretrizes da IRIS, a etapa da doen√ßa renal pode ser determinada pela concentra√ß√£o de creatinina e SDMA no sangu",5,RAG
2025-12-10 16:05:08,6.2,55.0,IRIS4,IRIS4,IRIS4,Confirmada,1,ALTA,Qual o cuidado paliativo?,"üìö O cuidado paliativo para pacientes felinos com doen√ßa renal cr√¥nica (DRC) √© fundamental para melhorar a qualidade de vida e controlar os sintomas. Al√©m das recomenda√ß√µes de tratamento listadas anteriormente, √© importante considerar a seguinte abordagem paliativa:

- Gerenciamento da diurese: uso d",5,RAG
2025-12-10 16:05:15,2.1,28.0,IRIS3,IRIS2,IRIS3,Confirmada,1,ALTA,Por que h√° discrep√¢ncia?,"üìö A discrep√¢ncia entre a classifica√ß√£o da doen√ßa renal cr√¥nica (CKD) com base no n√≠vel de creatinina e SDMA (semialbumina de metilamina) pode ocorrer devido a v√°rias raz√µes. Uma delas √© a presen√ßa de hipertens√£o arterial, que pode afetar a fun√ß√£o renal e alterar os n√≠veis de creatinina e SDMA. No ex",5,RAG
2025-12-10 16:05:23,2.8,25.0,IRIS2,IRIS2,IRIS2,Confirmada,1,ALTA,A press√£o √© perigosa?,"üìö A press√£o arterial √© um fator importante a ser monitorado em pacientes com doen√ßa renal cr√¥nica felina. No entanto, a pergunta n√£o est√° clara. Se voc√™ est√° se referindo √† press√£o arterial alta (hipertens√£o), √© um problema comum em pacientes com doen√ßa renal cr√¥nica felina e pode ser perigosa se n√£",5,RAG
2025-12-10 16:19:40,2.1,20.0,IRIS2,IRIS2,IRIS2,Confirmada,1,ALTA,Qual o tratamento recomendado?,"üìö O tratamento recomendado para um gato com doen√ßa renal cr√¥nica (CKD) depende do est√°gio da doen√ßa, que √© determinado com base nos n√≠veis de creatinina e SDMA no sangue.

De acordo com as diretrizes da IRIS, para um gato com CKD, o tratamento recomendado √©:

- Para gatos com CKD est√°gio 1: 
  - Sus",5,RAG
2025-12-10 16:23:20,2.1,20.0,IRIS2,IRIS2,IRIS2,Confirmada,1,ALTA,Qual o tratamento recomendado?,"üìö De acordo com as diretrizes IRIS, o tratamento recomendado para um gato com doen√ßa renal cr√¥nica (CKD) depende do est√°gio da doen√ßa. Aqui est√£o as recomenda√ß√µes gerais:

- Para gatos com CKD est√°gio 1, o tratamento recomendado √©:
  - Suspender todos os medicamentos potencialmente nefrot√≥xicos, se ",5,RAG
2025-12-10 16:24:59,2.1,20.0,IRIS2,IRIS2,IRIS2,Confirmada,1,ALTA,Qual o tratamento recomendado?,"üìö Para determinar o tratamento recomendado para um gato com doen√ßa renal cr√¥nica (DRC), √© necess√°rio considerar o est√°gio da doen√ßa, que pode ser determinado com base nos n√≠veis de creatinina e SDMA (semidesoxi√°lato de metilamina) no sangue.

Segundo as diretrizes da IRIS (2019), para gatos com DRC,",5,RAG
2025-12-10 16:30:04,1.4,14.0,IRIS1,IRIS1,IRIS1,Confirmada,1,ALTA,O gato est√° saud√°vel?,"üìö N√£o, o gato n√£o est√° saud√°vel. De acordo com o contexto fornecido, o gato foi diagnosticado com doen√ßa renal cr√¥nica (CKD) e est√° sendo tratado como um paciente IRIS CKD Stage 2 ou 3, dependendo dos n√≠veis de creatinina e SDMA. Isso indica que o gato tem comprometimento renal significativo e reque",5,RAG
2025-12-10 16:30:11,2.1,20.0,IRIS2,IRIS2,IRIS2,Confirmada,1,ALTA,Qual o tratamento recomendado?,"üìö Com base no contexto fornecido, o tratamento recomendado para um gato com doen√ßa renal cr√¥nica (CKD) depende do est√°gio da doen√ßa, que √© determinado pela concentra√ß√£o de creatinina e SDMA no sangue.

Para um gato com CKD, o tratamento recomendado √©:

- Para gatos com CKD est√°gio 1: 
  - Suspender ",5,RAG
2025-12-10 16:30:18,2.5,23.0,IRIS2,IRIS2,IRIS2,Confirmada,1,ALTA,A protein√∫ria √© grave?,"üìö A protein√∫ria √© considerada grave quando o √≠ndice de prote√≠na na urina (UP/C) √© superior a 0,4. Isso √© especialmente verdadeiro para gatos em est√°gios avan√ßados de doen√ßa renal cr√¥nica (DRC), como est√°gios 3 e 4, onde a presen√ßa de protein√∫ria pode indicar danos renais mais graves. Al√©m disso, a p",5,RAG
2025-12-10 16:30:25,3.5,30.0,IRIS3,IRIS3,IRIS3,Confirmada,1,ALTA,Qual o progn√≥stico?,"üìö O progn√≥stico para um gato com doen√ßa renal cr√¥nica (DRC) depende de v√°rios fatores, incluindo a etapa da doen√ßa, a presen√ßa de complica√ß√µes e a efic√°cia do tratamento. De acordo com as diretrizes da IRIS, o progn√≥stico geralmente √© melhor para gatos com DRC em est√°gios iniciais (IRIS CKD 1 e 2) e",5,RAG
2025-12-10 16:30:32,6.2,55.0,IRIS4,IRIS4,IRIS4,Confirmada,1,ALTA,Qual o cuidado paliativo?,"üìö O cuidado paliativo para pacientes felinos com doen√ßa renal cr√¥nica (DRC) inclui:

1. **Gerenciamento da hidrata√ß√£o**: garantir que o animal esteja bem hidratado, pois a desidrata√ß√£o pode agravar a doen√ßa renal.
2. **Alimenta√ß√£o adequada**: fornecer uma dieta equilibrada e espec√≠fica para DRC, que",5,RAG
2025-12-10 16:30:39,2.1,28.0,IRIS3,IRIS2,IRIS3,Confirmada,1,ALTA,Por que h√° discrep√¢ncia?,"üìö A discrep√¢ncia entre a classifica√ß√£o da doen√ßa renal cr√¥nica (DRC) baseada na creatinina e na concentra√ß√£o de SDMA (semidesoxi√°lato de metilamina) pode ocorrer devido √†s seguintes raz√µes:

1. **Concentra√ß√£o de SDMA**: A concentra√ß√£o de SDMA pode ser influenciada por fatores como a idade, o peso, a",5,RAG
2025-12-10 16:30:46,2.8,25.0,IRIS2,IRIS2,IRIS2,Confirmada,1,ALTA,A press√£o √© perigosa?,"üìö A press√£o arterial elevada pode ser perigosa para os felinos com doen√ßa renal cr√¥nica (DRC), pois pode aumentar a carga de trabalho dos rins danificados, agravando a progress√£o da doen√ßa. Al√©m disso, a hipertens√£o pode levar a complica√ß√µes cardiovasculares e renais adicionais. √â importante monitor",5,RAG
2025-12-10 16:37:23,2.3,23.0,IRIS2,IRIS2,IRIS2,Confirmada,1,ALTA,O que pode me informar sobre este gato?,"üìö Com base no contexto fornecido, posso informar que o gato em quest√£o tem doen√ßa renal cr√¥nica (DRC) e est√° sendo avaliado com base nos crit√©rios da IRIS. Para determinar a etapa da DRC, precisamos considerar os n√≠veis de creatinina e SDMA (semidesoxi√°lato de metilamina) no sangue do gato.

Se os n",5,RAG
2025-12-10 16:41:38,5.9,40.0,IRIS4,,IRIS4,Confirmada,1,ALTA,Este gato est√° em fator de risco? ele √© idoso? O que recomenda fazer para sua situa√ß√£o?,"üìö Para determinar o fator de risco do gato, precisamos considerar sua idade e condi√ß√£o renal. Se o gato √© idoso (geralmente considerado como > 7 anos), ele est√° em um fator de risco aumentado para doen√ßas renais cr√¥nicas.

Considerando o contexto fornecido, se o gato tem uma creatinina entre 1,6 e 2",5,Regras IRIS
2025-12-10 16:43:22,2.1,20.0,IRIS2,IRIS2,IRIS2,Confirmada,1,ALTA,Qual o tratamento recomendado?,"üìö A resposta ao tratamento recomendado depende do est√°gio da doen√ßa renal cr√¥nica felina (CKD) do paciente. Segundo as diretrizes da IRIS, o tratamento recomendado para cada est√°gio √© o seguinte:

- Para pacientes com CKD est√°gio 1: 
  - Descontinuar todos os medicamentos potencialmente nefrot√≥xicos",5,RAG
2025-12-10 16:44:01,2.1,20.0,IRIS2,IRIS2,IRIS2,Confirmada,1,ALTA,Qual o tratamento recomendado?,"üìö Considerando o contexto fornecido, o tratamento recomendado para um paciente felino com doen√ßa renal cr√¥nica (CKD) depende do est√°gio da doen√ßa, que √© determinado pela concentra√ß√£o de creatinina e SDMA no sangue.

Para um paciente com CKD est√°gio 1, o tratamento recomendado √©:

1. Suspender todos ",5,RAG
2025-12-10 16:47:06,2.1,20.0,IRIS2,IRIS2,IRIS2,Confirmada,1,ALTA,Qual o tratamento recomendado?,"üìö De acordo com as diretrizes da IRIS, o tratamento recomendado para um paciente felino com doen√ßa renal cr√¥nica (CKD) depende do est√°gio da doen√ßa. Aqui est√£o as recomenda√ß√µes gerais:

- Para pacientes com CKD est√°gio 1, √© recomendado:
  - Suspender todos os medicamentos potencialmente nefrot√≥xicos",5,RAG
2025-12-10 16:47:54,1.4,14.0,IRIS1,IRIS1,IRIS1,Confirmada,1,ALTA,O gato est√° saud√°vel?,"üìö Com base no contexto fornecido, n√£o √© poss√≠vel determinar se o gato est√° saud√°vel ou n√£o, pois n√£o h√° informa√ß√µes espec√≠ficas sobre os par√¢metros cl√≠nicos do animal. No entanto, posso fornecer orienta√ß√£o geral sobre como avaliar a sa√∫de renal de um gato.

A doen√ßa renal cr√¥nica (DRC) √© uma condi√ß√£",5,RAG
2025-12-10 16:48:01,2.1,20.0,IRIS2,IRIS2,IRIS2,Confirmada,1,ALTA,Qual o tratamento recomendado?,"üìö Para determinar o tratamento recomendado para um gato com doen√ßa renal cr√¥nica (DRC), √© necess√°rio conhecer a etapa da doen√ßa, que pode ser determinada com base nos n√≠veis de creatinina e SDMA (semidesoxi√°lato de metilamina) no sangue.

De acordo com as diretrizes da IRIS, o tratamento recomendado",5,RAG
2025-12-10 16:48:08,2.5,23.0,IRIS2,IRIS2,IRIS2,Confirmada,1,ALTA,A protein√∫ria √© grave?,"üìö A gravidade da protein√∫ria em gatos com doen√ßa renal cr√¥nica (DRC) depende do n√≠vel de prote√≠na na urina em rela√ß√£o √† creatinina. De acordo com as diretrizes da IRIS, a protein√∫ria √© considerada grave quando o √≠ndice de prote√≠na na urina em rela√ß√£o √† creatinina (UP/C) √© maior que 0,4. Isso indica ",5,RAG
2025-12-10 16:48:15,3.5,30.0,IRIS3,IRIS3,IRIS3,Confirmada,1,ALTA,Qual o progn√≥stico?,"üìö O progn√≥stico para um gato com doen√ßa renal cr√¥nica (DRC) depende de v√°rios fatores, incluindo a estadia√ß√£o da doen√ßa, a presen√ßa de complica√ß√µes e a efic√°cia do tratamento. De acordo com as diretrizes da IRIS, a estadia√ß√£o da DRC em gatos √© feita com base nos n√≠veis de creatinina e SDMA no sangue",5,RAG
2025-12-10 16:48:22,6.2,55.0,IRIS4,IRIS4,IRIS4,Confirmada,1,ALTA,Qual o cuidado paliativo?,"üìö O cuidado paliativo para pacientes felinos com doen√ßa renal cr√¥nica (DRC) inclui a implementa√ß√£o de medidas para aliviar os sintomas e melhorar a qualidade de vida do animal. Isso pode incluir a administra√ß√£o de fluidos intravenosos para evitar a desidrata√ß√£o, a redu√ß√£o da ingest√£o de prote√≠nas pa",5,RAG
2025-12-10 16:48:29,2.1,28.0,IRIS3,IRIS2,IRIS3,Confirmada,1,ALTA,Por que h√° discrep√¢ncia?,üìö A discrep√¢ncia entre a classifica√ß√£o da doen√ßa renal cr√¥nica (DRC) baseada na concentra√ß√£o de creatinina e na concentra√ß√£o de SDMA (semialbumina de metilamina) pode ocorrer devido √† variabilidade na rela√ß√£o entre esses dois marcadores de fun√ß√£o renal. A concentra√ß√£o de SDMA pode ser mais sens√≠vel ,5,RAG
2025-12-10 16:48:37,2.8,25.0,IRIS2,IRIS2,IRIS2,Confirmada,1,ALTA,A press√£o √© perigosa?,"üìö A press√£o arterial elevada pode ser um problema em pacientes com doen√ßa renal cr√¥nica felina, pois pode aumentar a carga de trabalho do cora√ß√£o e piorar a fun√ß√£o renal. No entanto, a pergunta n√£o est√° clara sobre o que √© ""perigosa"". Se voc√™ se refere √† press√£o arterial elevada, √© importante monito",5,RAG
2025-12-10 16:58:24,1.4,14.0,IRIS1,IRIS1,IRIS1,Confirmada,1,ALTA,O gato est√° saud√°vel?,"üìö Com base no contexto fornecido, n√£o √© poss√≠vel determinar se o gato est√° saud√°vel ou n√£o, pois n√£o h√° informa√ß√µes espec√≠ficas sobre o estado de sa√∫de do animal. No entanto, posso fornecer orienta√ß√£o geral sobre como avaliar a sa√∫de renal de um gato.

A doen√ßa renal cr√¥nica (DRC) √© uma das doen√ßas ",5,RAG
2025-12-10 16:58:30,2.1,20.0,IRIS2,IRIS2,IRIS2,Confirmada,1,ALTA,Qual o tratamento recomendado?,"üìö De acordo com as diretrizes da IRIS (International Renal Interest Society), o tratamento recomendado para um gato com doen√ßa renal cr√¥nica (CKD) depende da etapa da doen√ßa. 

Para um gato com CKD Stage 2, com creatinina entre 1,6 e 2,8 mg/dl, o tratamento recomendado inclui:

1. Suspender todos os",5,RAG
2025-12-10 16:58:38,2.5,23.0,IRIS2,IRIS2,IRIS2,Confirmada,1,ALTA,A protein√∫ria √© grave?,"üìö A protein√∫ria √© um indicador importante da doen√ßa renal cr√¥nica felina. De acordo com as diretrizes IRIS, a protein√∫ria √© considerada grave quando o √≠ndice de prote√≠na na urina em rela√ß√£o √† creatinina (UP/C) √© maior que 0,4. Isso √© especialmente verdadeiro para gatos em est√°gios 3 e 4 da doen√ßa re",5,RAG
2025-12-10 16:58:45,3.5,30.0,IRIS3,IRIS3,IRIS3,Confirmada,1,ALTA,Qual o progn√≥stico?,"üìö O progn√≥stico para um paciente felino com doen√ßa renal cr√¥nica (DRC) depende do est√°gio da doen√ßa, que √© determinado pela concentra√ß√£o de creatinina no sangue e pela concentra√ß√£o de SDMA (semidesoxi√°lato de metilamina). De acordo com as diretrizes da International Renal Interest Society (IRIS), o ",5,RAG
2025-12-10 16:58:52,6.2,55.0,IRIS4,,IRIS4,Confirmada,1,ALTA,Qual o cuidado paliativo?,"üìö O cuidado paliativo para doen√ßa renal cr√¥nica felina (CKD) visa melhorar a qualidade de vida do animal, reduzir a dor e os sintomas, e prolongar a sua vida. Isso inclui:

- Gerenciamento da diurese: uso de medicamentos para reduzir a perda de l√≠quidos e minimizar a desidrata√ß√£o.
- Controle da hipe",5,Regras IRIS
2025-12-10 16:58:58,2.1,28.0,IRIS3,IRIS2,IRIS3,Confirmada,1,ALTA,Por que h√° discrep√¢ncia?,"üìö A discrep√¢ncia na classifica√ß√£o da doen√ßa renal cr√¥nica felina (CKD) com base no n√≠vel de SDMA (Semi-Desaminada Metionina) e creatinina pode ser explicada pelas diferentes faixas de refer√™ncia estabelecidas para cada valor. Em particular, a classifica√ß√£o de IRIS sugere que um n√≠vel de SDMA persist",5,RAG
2025-12-10 16:59:05,2.8,25.0,IRIS2,IRIS2,IRIS2,Confirmada,1,ALTA,A press√£o √© perigosa?,"üìö A press√£o arterial elevada pode ser um problema significativo em gatos com doen√ßa renal cr√¥nica (DRC), pois pode contribuir para a progress√£o da doen√ßa renal e aumentar o risco de complica√ß√µes cardiovasculares.

De acordo com as diretrizes IRIS, a press√£o arterial deve ser monitorada regularmente ",5,RAG
2025-12-10 17:18:47,2.3,17.0,IRIS2,IRIS2,IRIS2,Confirmada,1,ALTA,Este gatos est√° com risco?,"üìö Com base no contexto fornecido, o gato est√° com risco de doen√ßa renal cr√¥nica (DRC) devido aos seguintes motivos:

- A creatinina s√©rica est√° acima do valor de refer√™ncia normal (1,6 mg/dL), o que sugere azotemia, um marcador de DRC.
- A maioria dos gatos (30/32) apresenta valores de creatinina en",5,RAG
2025-12-10 19:17:24,2.3,18.5,IRIS2,IRIS2,IRIS2,Confirmada,1,ALTA,Qual o est??gio da doen??a renal?,"üìö Para determinar o est√°gio da doen√ßa renal cr√¥nica felina, √© necess√°rio considerar tanto os n√≠veis de creatinina quanto os n√≠veis de SDMA (Semi-Desidratina de Methylarginina). De acordo com as diretrizes da IRIS (International Renal Interest Society), os est√°gios da doen√ßa renal cr√¥nica felina s√£o ",5,RAG
2025-12-10 19:26:16,2.3,18.5,IRIS2,IRIS2,IRIS2,Confirmada,1,ALTA,Qual o est√É¬°gio da doen√É¬ßa renal?,"üìö Com base no contexto fornecido, podemos determinar o est√°gio da doen√ßa renal cr√¥nica felina utilizando o sistema de classifica√ß√£o IRIS. 

O valor de creatinina m√©dio (¬± DP) √© de 2,10 mg/dL (¬± 0,78), e apenas 2 dos 32 gatos n√£o apresentam azotemia, com valores de creatinina de 1,43 e 1,50 mg/dL. No",5,RAG
2025-12-10 19:29:02,2.3,18.5,IRIS2,IRIS2,IRIS2,Confirmada,1,ALTA,Qual o est??gio da doen??a renal?,"üìö Para determinar o est√°gio da doen√ßa renal cr√¥nica felina, √© necess√°rio considerar os valores de creatinina e SDMA (Semi-Desidratina de Methylamine) no sangue do animal.

Se o valor de creatinina estiver entre 1,6 e 2,8 mg/dL, o est√°gio da doen√ßa renal cr√¥nica pode ser determinado com base no valor",5,RAG
2025-12-10 19:29:33,2.3,18.5,IRIS2,IRIS2,IRIS2,Confirmada,1,ALTA,Qual o est??gio da doen??a renal?,"üìö Para determinar o est√°gio da doen√ßa renal cr√¥nica felina, √© necess√°rio considerar tanto o n√≠vel de creatinina quanto o n√≠vel de SDMA (Semi-Desidratina de Methylamine). 

Se o n√≠vel de creatinina estiver entre 1,6 e 2,8 mg/dL, o est√°gio da doen√ßa renal cr√¥nica pode ser determinado com base no n√≠vel",5,RAG
2025-12-10 19:33:14,2.3,18.5,IRIS2,IRIS2,IRIS2,Confirmada,1,ALTA,Qual o est√°gio da doen√ßa renal?,"üìö Para determinar o est√°gio da doen√ßa renal cr√¥nica felina, √© necess√°rio considerar tanto a concentra√ß√£o de creatinina quanto a concentra√ß√£o de SDMA (semialbumina de metilamina) no sangue do animal.

Se a concentra√ß√£o de creatinina estiver entre 1,6 e 2,8 mg/dL, e a concentra√ß√£o de SDMA estiver pers",5,RAG
2025-12-10 19:43:13,2.3,18.5,IRIS2,IRIS2,IRIS2,Confirmada,1,ALTA,Qual o est√°gio da doen√ßa renal?,"üìö Para determinar o est√°gio da doen√ßa renal cr√¥nica felina, precisamos considerar os n√≠veis de creatinina e SDMA (Semi-Desidratina de M√∫sculo Esquel√©tico) no sangue do animal.

Se o n√≠vel de creatinina estiver entre 1,6 e 2,8 mg/dL, e o n√≠vel de SDMA for persistente > 25 ¬µg/dL, o est√°gio da doen√ßa r",5,RAG
2025-12-10 19:45:45,2.3,20.0,IRIS2,IRIS2,IRIS2,Confirmada,1,ALTA,Qual a severidade do gato Putin?,"üìö Para determinar a severidade da doen√ßa renal cr√¥nica felina do gato Putin, precisamos considerar os n√≠veis de creatinina e SDMA. De acordo com as diretrizes IRIS, um gato com creatinina entre 1,6 e 2,8 mg/dL √© classificado como IRIS CKD Stage 2. No entanto, se o n√≠vel de SDMA for persistente > 25 ",5,RAG
2025-12-10 21:37:41,2.3,18.5,IRIS2,IRIS2,IRIS2,Confirmada,1,ALTA,Qual o est√°gio da doen√ßa renal?,"üìö Para determinar o est√°gio da doen√ßa renal cr√¥nica felina, precisamos considerar os n√≠veis de creatinina e SDMA no sangue do animal.

Se o n√≠vel de creatinina estiver entre 1,6 e 2,8 mg/dL, e o n√≠vel de SDMA for persistente > 25 ¬µg/dL, o est√°gio da doen√ßa renal cr√¥nica felina √© considerado IRIS CKD",5,RAG
2025-12-10 22:44:02,2.5,22.0,IRIS2,IRIS2,IRIS2,Confirmada,1,ALTA,Por que este gato est√° no est√°gio 2 e qual o tratamento indicado?," Com base no contexto fornecido, o gato est√° no est√°gio 2 de doen√ßa renal cr√¥nica (CKD) de acordo com as diretrizes IRIS, pois seu valor de creatinina √© entre 1,6 e 2,8 mg/dL. Al√©m disso, a SDMA (Semi-Desidratase de Mucopolissacar√≠deos) n√£o foi mencionada como persistente acima de 25 ¬µg/dL, o que n√£",5,RAG
2025-12-10 22:44:09,2.0,20.0,IRIS2,IRIS2,IRIS2,Confirmada,1,ALTA,O gato gosta de brincar com laser?," Infelizmente, a pergunta sobre o gato gostar de brincar com laser n√£o est√° relacionada ao contexto da doen√ßa renal cr√¥nica felina e ao sistema de classifica√ß√£o IRIS. No entanto, posso fornecer uma resposta geral baseada em conhecimento veterin√°rio.

Gatos s√£o animais naturais de ca√ßa e podem se ben",5,RAG
